CREATE DATABASE IF NOT EXISTS `xql_test`;
USE `xql_test`;
DROP TABLE IF EXISTS `state`;
Warnings:
Note	1051	Unknown table 'state'
CREATE TABLE `state` (`code` varchar(2) NOT NULL, `country_code` varchar(2) NOT NULL, `description` varchar(255) NOT NULL, PRIMARY KEY  (`code`)) ENGINE=MyISAM DEFAULT CHARSET=latin1;
INSERT INTO `state` VALUES ('al','us','Alabama'),('ak','us','Alaska'),('as','us','American Samoa'),('az','us','Arizona'),('ar','us','Arkansas'),('ca','us','California'),('co','us','Colorado'),('ct','us','Connecticut'),('de','us','Delaware'),('dc','us','District of Columbia'),('fm','us','Federated States of Micronesia'),('fl','us','Florida'),('ga','us','Georgia'),('gu','us','Guam'),('hi','us','Hawaii'),('id','us','Idaho'),('il','us','Illinois'),('in','us','Indiana'),('ia','us','Iowa'),('ks','us','Kansas'),('ky','us','Kentucky'),('la','us','Louisiana'),('me','us','Maine'),('mh','us','Marshall Islands'),('md','us','Maryland'),('ma','us','Massachusetts'),('mi','us','Michigan'),('mn','us','Minnesota'),('ms','us','Mississippi'),('mo','us','Missouri'),('mt','us','Montana'),('ne','us','Nebraska'),('nv','us','Nevada'),('nh','us','New Hampshire'),('nj','us','New Jersey'),('nm','us','New Mexico'),('ny','us','New York'),('nc','us','North Carolina'),('nd','us','North Dakota'),('mp','us','Northern Mariana Islands'),('oh','us','Ohio'),('ok','us','Oklahoma'),('or','us','Oregon'),('pw','us','Palau'),('pa','us','Pennsylvania'),('pr','us','Puerto Rico'),('ri','us','Rhode Island'),('sc','us','South Carolina'),('sd','us','South Dakota'),('tn','us','Tennessee'),('tx','us','Texas'),('ut','us','Utah'),('vt','us','Vermont'),('vi','us','Virgin Island'),('va','us','Virginia'),('wa','us','Washington'),('wv','us','West Virginia'),('wi','us','Wisconsin'),('wy','us','Wyoming'),('ab','ca','Alberta'),('bc','ca','British Columbia'),('mb','ca','Manitoba'),('nb','ca','New Brunswick'),('nf','ca','New Foundland'),('nt','ca','Northwest Territories'),('ns','ca','Nova Scotia'),('on','ca','Ontario'),('pe','ca','Prince Edward Island'),('pq','ca','Quebec'),('sk','ca','Saskatchewan'),('yt','ca','Yukon Territories');
SELECT xql_element("state", NULL, code, country_code, `description`) FROM `state` LIMIT 5;
xql_element("state", NULL, code, country_code, `description`)
<state code="al" country_code="us" description="Alabama"/>
<state code="ak" country_code="us" description="Alaska"/>
<state code="as" country_code="us" description="American Samoa"/>
<state code="az" country_code="us" description="Arizona"/>
<state code="ar" country_code="us" description="Arkansas"/>
SELECT xql_element("state", NULL, state.code, `state`.country_code, `state`.`description`) FROM `state` LIMIT 5;
xql_element("state", NULL, state.code, `state`.country_code, `state`.`description`)
<state code="al" country_code="us" description="Alabama"/>
<state code="ak" country_code="us" description="Alaska"/>
<state code="as" country_code="us" description="American Samoa"/>
<state code="az" country_code="us" description="Arizona"/>
<state code="ar" country_code="us" description="Arkansas"/>
SELECT xql_element("state", NULL, code, country_code AS `country`, description) FROM `state` LIMIT 5;
xql_element("state", NULL, code, country_code AS `country`, description)
<state code="al" country="us" description="Alabama"/>
<state code="ak" country="us" description="Alaska"/>
<state code="as" country="us" description="American Samoa"/>
<state code="az" country="us" description="Arizona"/>
<state code="ar" country="us" description="Arkansas"/>
SELECT xql_element("state", description, code, country_code AS `country`) FROM `state` LIMIT 5;
xql_element("state", description, code, country_code AS `country`)
<state code="al" country="us">Alabama</state>
<state code="ak" country="us">Alaska</state>
<state code="as" country="us">American Samoa</state>
<state code="az" country="us">Arizona</state>
<state code="ar" country="us">Arkansas</state>
SELECT xql_element("state", description, code, country_code AS `country`) FROM `state` WHERE country_code='ca' LIMIT 5;
xql_element("state", description, code, country_code AS `country`)
<state code="ab" country="ca">Alberta</state>
<state code="bc" country="ca">British Columbia</state>
<state code="mb" country="ca">Manitoba</state>
<state code="nb" country="ca">New Brunswick</state>
<state code="nf" country="ca">New Foundland</state>
SELECT xql_element("state", description, code, country_code AS `country`) FROM `state` WHERE FALSE;
xql_element("state", description, code, country_code AS `country`)
DROP DATABASE IF EXISTS `xql_test`;
